{"type": "block", "layer": 5, "block": 1, "features": [{"geom": {"pts": [[-2711.2817970644683, -438.6120160119608, 1299.0]], "r": 20}, "mtl": {"idx": 0}}, {"geom": {"pts": [[-300.10162647999823, -1860.653739117086, 1356.0]], "r": 20}, "mtl": {"idx": 0}}, {"geom": {"pts": [[-4423.375565463677, 155.46834861207753, 1263.0]], "r": 20}, "mtl": {"idx": 0}}], "featureCount": 3, "startIndex": 50}