{"type": "block", "layer": 5, "block": 1, "features": [{"geom": {"pts": [[1206.233509739861, -3046.0833745747805, 1308.0]], "r": 18}, "mtl": {"idx": 0}}, {"geom": {"pts": [[-3053.9634029194713, -325.18923097569495, 1299.0]], "r": 18}, "mtl": {"idx": 0}}, {"geom": {"pts": [[-642.7832323350012, -1747.23095408082, 1356.0]], "r": 18}, "mtl": {"idx": 0}}, {"geom": {"pts": [[-4766.05717131868, 268.8911336483434, 1263.0]], "r": 18}, "mtl": {"idx": 0}}], "featureCount": 4, "startIndex": 50}