{"type": "block", "layer": 5, "block": 1, "features": [{"geom": {"pts": [[-603.5679077263921, -1681.1682149227709, 1356.0]], "r": 15}, "mtl": {"idx": 0}}, {"geom": {"pts": [[-4726.841846710071, 334.9538728063926, 1263.0]], "r": 15}, "mtl": {"idx": 0}}], "featureCount": 2, "startIndex": 50}