{"type": "block", "layer": 5, "block": 1, "features": [{"geom": {"pts": [[-4652.6343862861395, 606.7462380109355, 1263.0]], "r": 15}, "mtl": {"idx": 0}}], "featureCount": 1, "startIndex": 50}