{"type": "block", "layer": 9, "block": 1, "features": [{"geom": {"pts": [[-4112.669532004744, -594.7509768716991, 1263.6665954589844]], "r": 96.8}, "mtl": {"idx": 0}}, {"geom": {"pts": [[164.22530427202582, 3564.8507440909743, 1302.2179870605469]], "r": 96.8}, "mtl": {"idx": 0}}], "featureCount": 2, "startIndex": 50}