{"type": "block", "layer": 5, "block": 6, "features": [{"geom": {"polygons": [[[[449.7991464417428, -965.1143376911059], [452.4485503230244, -982.2756975283846], [448.2184096723795, -982.9207480382174], [448.0069026388228, -981.5856434479356], [440.793399637565, -982.6957304226235], [440.4483092147857, -980.4455539863557], [439.2460587155074, -980.6405692975968], [437.15325228869915, -967.0644937772304], [449.7991464417428, -965.1143376911059]]]], "centroids": [[444.91324091516435, -974.1180285671726, 1206.1462097167969]], "h": 27.0}, "mtl": {"idx": 0}}, {"geom": {"polygons": [[[[265.69897256977856, -349.7001179754734], [284.8570569343865, -342.57408336084336], [287.22816208563745, -346.9697221862152], [287.85155123472214, -348.454937575385], [266.53386874869466, -353.75070369336754], [265.69897256977856, -349.7001179754734]]]], "centroids": [[277.0361288096756, -348.40582467243075, 1251.1692810058594]], "h": 18.0}, "mtl": {"idx": 0}}, {"geom": {"polygons": [[[[908.7694069817662, -660.8400884438306], [902.5355154983699, -673.4414929179475], [892.4054418355227, -665.925657258369], [897.1142562963068, -655.4994881795719], [908.7694069817662, -660.8400884438306]]]], "centroids": [[900.411565033719, -664.0046175727621, 1202.9290466308594]], "h": 9.0}, "mtl": {"idx": 0}}], "featureCount": 3, "startIndex": 300}