{"type": "block", "layer": 5, "block": 6, "features": [{"geom": {"polygons": [[[[160.70051362924278, -1759.112384566106], [163.3499175105244, -1776.2737444033846], [159.1197768598795, -1776.9187949132174], [158.9082698263228, -1775.5836903229356], [151.69476682506502, -1776.6937772976235], [151.3496764022857, -1774.4436008613557], [150.1474259030074, -1774.6386161725968], [148.05461947619915, -1761.0625406522304], [160.70051362924278, -1759.112384566106]]]], "centroids": [[155.81460810266435, -1768.1160754421726, 1206.1462097167969]], "h": 27.0}, "mtl": {"idx": 0}}, {"geom": {"polygons": [[[[-23.39966024272144, -1143.6981648504734], [-4.241575878113508, -1136.5721302358434], [-1.8704707268625498, -1140.9677690612152], [-1.2470815777778625, -1142.452984450385], [-22.56476406380534, -1147.7487505683675], [-23.39966024272144, -1143.6981648504734]]]], "centroids": [[-12.062504002824426, -1142.4038715474308, 1251.1692810058594]], "h": 18.0}, "mtl": {"idx": 0}}, {"geom": {"polygons": [[[[619.6707741692662, -1454.8381353188306], [613.4368826858699, -1467.4395397929475], [603.3068090230227, -1459.923704133369], [608.0156234838068, -1449.497535054572], [619.6707741692662, -1454.8381353188306]]]], "centroids": [[611.312932221219, -1458.002664447762, 1202.9290466308594]], "h": 9.0}, "mtl": {"idx": 0}}], "featureCount": 3, "startIndex": 300}