{"type": "block", "layer": 5, "block": 6, "features": [{"geom": {"polygons": [[[[471.44878045096993, -694.8853337541223], [474.09818433225155, -712.046693591401], [469.86804368160665, -712.6917441012338], [469.65653664804995, -711.3566395109519], [462.4430336467922, -712.4667264856398], [462.09794322401285, -710.216550049372], [460.89569272473454, -710.4115653606132], [458.8028862979263, -696.8354898402467], [471.44878045096993, -694.8853337541223]]]], "centroids": [[466.5628749243915, -703.8890246301889, 1206.1462097167969]], "h": 27.0}, "mtl": {"idx": 0}}, {"geom": {"polygons": [[[[287.3486065790057, -79.47111403848976], [306.50669094361365, -72.34507942385972], [308.8777960948646, -76.74071824923158], [309.5011852439493, -78.22593363840133], [288.1835027579218, -83.5216997563839], [287.3486065790057, -79.47111403848976]]]], "centroids": [[298.68576281890273, -78.17682073544711, 1251.1692810058594]], "h": 18.0}, "mtl": {"idx": 0}}, {"geom": {"polygons": [[[[930.4190409909934, -390.61108450684696], [924.1851495075971, -403.2124889809638], [914.0550758447498, -395.6966533213854], [918.763890305534, -385.2704842425883], [930.4190409909934, -390.61108450684696]]]], "centroids": [[922.0611990429461, -393.7756136357784, 1202.9290466308594]], "h": 9.0}, "mtl": {"idx": 0}}], "featureCount": 3, "startIndex": 300}