{"type": "block", "layer": 7, "block": 6, "features": [{"geom": {"polygons": [[[[692.7881485745311, -319.5388993965462], [695.4375524558127, -336.7002592338249], [691.2074118051678, -337.3453097436577], [690.9959047716111, -336.01020515337586], [683.7824017703533, -337.12029212806374], [683.437311347574, -334.87011569179595], [682.2350608482957, -335.0651310030371], [680.1422544214875, -321.48905548267066], [692.7881485745311, -319.5388993965462]]]], "centroids": [[687.9022430479527, -328.54259027261287, 1206.1462097167969]], "h": 27.0}, "mtl": {"idx": 0}}, {"geom": {"polygons": [[[[508.68797470256686, 295.8753203190863], [527.8460590671748, 303.00135493371636], [530.2171642184258, 298.6057161083445], [530.8405533675104, 297.12050071917474], [509.52287088148296, 291.8247346011922], [508.68797470256686, 295.8753203190863]]]], "centroids": [[520.0251309424639, 297.16961362212896, 1251.1692810058594]], "h": 18.0}, "mtl": {"idx": 0}}, {"geom": {"polygons": [[[[1151.7584091145545, -15.264650149270892], [1145.5245176311582, -27.866054623387754], [1135.394443968311, -20.35021896380931], [1140.1032584290951, -9.92404988501221], [1151.7584091145545, -15.264650149270892]]]], "centroids": [[1143.4005671665072, -18.429179278202355, 1202.9290466308594]], "h": 9.0}, "mtl": {"idx": 0}}], "featureCount": 3, "startIndex": 300}