{"type": "block", "layer": 6, "block": 6, "features": [{"geom": {"polygons": [[[[452.34387810342014, -214.95009002834558], [454.99328198470175, -232.1114498656243], [450.76314133405685, -232.7565003754571], [450.55163430050015, -231.42139578517526], [443.3381312992424, -232.53148275986314], [442.99304087646306, -230.28130632359535], [441.79079037718475, -230.4763216348365], [439.6979839503765, -216.90024611447006], [452.34387810342014, -214.95009002834558]]]], "centroids": [[447.4579725768417, -223.95378090441227, 1206.1462097167969]], "h": 27.0}, "mtl": {"idx": 0}}, {"geom": {"polygons": [[[[268.2437042314559, 400.4641296872869], [287.40178859606385, 407.59016430191696], [289.7728937473148, 403.1945254765451], [290.3962828963995, 401.70931008737534], [269.078600410372, 396.4135439693928], [268.2437042314559, 400.4641296872869]]]], "centroids": [[279.58086047135293, 401.75842299032956, 1251.1692810058594]], "h": 18.0}, "mtl": {"idx": 0}}, {"geom": {"polygons": [[[[911.3141386434436, 89.32415921892971], [905.0802471600473, 76.72275474481285], [894.9501734972, 84.23859040439129], [899.6589879579842, 94.66475948318839], [911.3141386434436, 89.32415921892971]]]], "centroids": [[902.9562966953963, 86.15963008999825, 1202.9290466308594]], "h": 9.0}, "mtl": {"idx": 0}}], "featureCount": 3, "startIndex": 300}