{"type": "block", "layer": 6, "block": 6, "features": [{"geom": {"polygons": [[[[338.9210930708796, -552.8051943909377], [341.5704969521612, -569.9665542282164], [337.3403563015163, -570.6116047380492], [337.1288492679596, -569.2765001477674], [329.9153462667018, -570.3865871224552], [329.5702558439225, -568.1364106861874], [328.3680053446442, -568.3314259974286], [326.27519891783595, -554.7553504770622], [338.9210930708796, -552.8051943909377]]]], "centroids": [[334.03518754430115, -561.8088852670044, 1206.1462097167969]], "h": 27.0}, "mtl": {"idx": 0}}, {"geom": {"polygons": [[[[154.82091919891536, 62.60902532469481], [173.9790035635233, 69.73505993932486], [176.35010871477425, 65.339421113953], [176.97349786385894, 63.85420572478324], [155.65581537783146, 58.558439606800675], [154.82091919891536, 62.60902532469481]]]], "centroids": [[166.15807543881238, 63.90331862773746, 1251.1692810058594]], "h": 18.0}, "mtl": {"idx": 0}}, {"geom": {"polygons": [[[[797.891353610903, -248.5309451436624], [791.6574621275067, -261.13234961777925], [781.5273884646595, -253.6165139582008], [786.2362029254436, -243.1903448794037], [797.891353610903, -248.5309451436624]]]], "centroids": [[789.5335116628557, -251.69547427259386, 1202.9290466308594]], "h": 9.0}, "mtl": {"idx": 0}}], "featureCount": 3, "startIndex": 300}