{"type": "block", "layer": 7, "block": 6, "features": [{"geom": {"polygons": [[[[708.6631485745311, -363.98889939673245], [711.3125524558127, -381.1502592340112], [707.0824118051678, -381.795309743844], [706.8709047716111, -380.46020515356213], [699.6574017703533, -381.57029212825], [699.312311347574, -379.3201156919822], [698.1100608482957, -379.51513100322336], [696.0172544214875, -365.93905548285693], [708.6631485745311, -363.98889939673245]]]], "centroids": [[703.7772430479527, -372.99259027279913, 1206.1462097167969]], "h": 27.0}, "mtl": {"idx": 0}}, {"geom": {"polygons": [[[[524.5629747025669, 251.42532031890005], [543.7210590671748, 258.5513549335301], [546.0921642184258, 254.15571610815823], [546.7155533675104, 252.67050071898848], [525.397870881483, 247.3747346010059], [524.5629747025669, 251.42532031890005]]]], "centroids": [[535.9001309424639, 252.7196136219427, 1251.1692810058594]], "h": 18.0}, "mtl": {"idx": 0}}, {"geom": {"polygons": [[[[1167.6334091145545, -59.71465014945716], [1161.3995176311582, -72.31605462357402], [1151.269443968311, -64.80021896399558], [1155.9782584290951, -54.374049885198474], [1167.6334091145545, -59.71465014945716]]]], "centroids": [[1159.2755671665072, -62.87917927838862, 1202.9290466308594]], "h": 9.0}, "mtl": {"idx": 0}}], "featureCount": 3, "startIndex": 300}