{"type": "block", "layer": 6, "block": 6, "features": [{"geom": {"polygons": [[[[378.13641767948866, -486.74245523288846], [380.7858215607703, -503.9038150701672], [376.5556809101254, -504.54886558], [376.3441738765687, -503.21376098971814], [369.1306708753109, -504.323847964406], [368.7855804525316, -502.0736715281382], [367.58332995325327, -502.26868683937937], [365.49052352644503, -488.69261131901294], [378.13641767948866, -486.74245523288846]]]], "centroids": [[373.25051215291023, -495.74614610895514, 1206.1462097167969]], "h": 27.0}, "mtl": {"idx": 0}}, {"geom": {"polygons": [[[[194.03624380752444, 128.67176448274404], [213.19432817213237, 135.79779909737408], [215.56543332338333, 131.40216027200222], [216.18882247246802, 129.91694488283247], [194.87113998644054, 124.6211787648499], [194.03624380752444, 128.67176448274404]]]], "centroids": [[205.37340004742146, 129.9660577857867, 1251.1692810058594]], "h": 18.0}, "mtl": {"idx": 0}}, {"geom": {"polygons": [[[[837.1066782195121, -182.46820598561317], [830.8727867361158, -195.06961045973003], [820.7427130732685, -187.5537748001516], [825.4515275340527, -177.12760572135448], [837.1066782195121, -182.46820598561317]]]], "centroids": [[828.7488362714648, -185.63273511454463, 1202.9290466308594]], "h": 9.0}, "mtl": {"idx": 0}}], "featureCount": 3, "startIndex": 300}