{"type": "block", "layer": 7, "block": 6, "features": [{"geom": {"polygons": [[[[720.2147108521312, -263.2151049384847], [722.8641147334129, -280.37646477576345], [718.633974082768, -281.02151528559625], [718.4224670492113, -279.6864106953144], [711.2089640479535, -280.7964976700023], [710.8638736251742, -278.5463212337345], [709.6616231258959, -278.74133654497564], [707.5688166990876, -265.1652610246092], [720.2147108521312, -263.2151049384847]]]], "centroids": [[715.3288053255528, -272.2187958145514, 1206.1462097167969]], "h": 27.0}, "mtl": {"idx": 0}}, {"geom": {"polygons": [[[[536.114536980167, 352.19911477714777], [555.272621344775, 359.3251493917778], [557.6437264960259, 354.92951056640595], [558.2671156451106, 353.4442951772362], [536.9494331590831, 348.14852905925363], [536.114536980167, 352.19911477714777]]]], "centroids": [[547.451693220064, 353.4934080801904, 1251.1692810058594]], "h": 18.0}, "mtl": {"idx": 0}}, {"geom": {"polygons": [[[[1179.1849713921547, 41.059144308790565], [1172.9510799087584, 28.457739834673703], [1162.8210062459111, 35.973575494252145], [1167.5298207066953, 46.39974457304925], [1179.1849713921547, 41.059144308790565]]]], "centroids": [[1170.8271294441074, 37.8946151798591, 1202.9290466308594]], "h": 9.0}, "mtl": {"idx": 0}}], "featureCount": 3, "startIndex": 300}