{"type": "block", "layer": 7, "block": 6, "features": [{"geom": {"polygons": [[[[681.6026989258826, -666.2279794272035], [684.2521028071642, -683.3893392644823], [680.0219621565193, -684.0343897743151], [679.8104551229626, -682.6992851840332], [672.5969521217048, -683.8093721587211], [672.2518616989255, -681.5591957224533], [671.0496111996472, -681.7542110336944], [668.956804772839, -668.178135513328], [681.6026989258826, -666.2279794272035]]]], "centroids": [[676.7167933993042, -675.2316703032702, 1206.1462097167969]], "h": 27.0}, "mtl": {"idx": 0}}, {"geom": {"polygons": [[[[497.50252505391836, -50.81375971157104], [516.6606094185263, -43.687725096940994], [519.0317145697773, -48.083363922312856], [519.6551037188619, -49.56857931148261], [498.33742123283446, -54.864345429465175], [497.50252505391836, -50.81375971157104]]]], "centroids": [[508.8396812938154, -49.51946640852839, 1251.1692810058594]], "h": 18.0}, "mtl": {"idx": 0}}, {"geom": {"polygons": [[[[1140.572959465906, -361.95373017992824], [1134.3390679825097, -374.5551346540451], [1124.2089943196625, -367.03929899446666], [1128.9178087804466, -356.61312991566956], [1140.572959465906, -361.95373017992824]]]], "centroids": [[1132.2151175178587, -365.1182593088597, 1202.9290466308594]], "h": 9.0}, "mtl": {"idx": 0}}], "featureCount": 3, "startIndex": 300}