{"type": "block", "layer": 3, "block": 0, "features": [{"geom": {"triangles": {"v": [-1620.9778927788138, -1384.3649616008624, 0.0, -1524.9778927788138, -1186.8649616008624, 0.0, -1348.9778927788138, -1382.8649616008624, 0.0, -1457.9778927788138, -1101.3649616008624, 0.0, -1237.9778927788138, -1014.8649616008624, 0.0, -614.9778927788138, -1171.8649616008624, 0.0, -592.9778927788138, -1561.8649616008624, 0.0, -1345.9778927788138, -1566.8649616008624, 0.0], "f": [0, 1, 2, 1, 3, 2, 2, 3, 4, 2, 4, 5, 6, 2, 5, 7, 2, 6]}, "centroids": [[-1061.5528966113925, -1313.712006693706, 0.0]]}, "mtl": {"idx": 0}}, {"geom": {"triangles": {"v": [-1781.9778927788138, 121.63503839913756, 0.0, -1879.9778927788138, 294.63503839913756, 0.0, -1737.9778927788138, 327.13503839913756, 0.0, -1376.9778927788138, 22.635038399137557, 0.0, -1476.9778927788138, -273.86496160086244, 0.0, -1153.9778927788138, -321.86496160086244, 0.0, -714.9778927788138, 171.63503839913756, 0.0, -598.9778927788138, -336.36496160086244, 0.0, -464.97789277881384, -332.86496160086244, 0.0, -421.97789277881384, 100.63503839913756, 0.0, -355.97789277881384, -212.86496160086244, 0.0, -318.97789277881384, -310.36496160086244, 0.0, -448.97789277881384, 233.63503839913756, 0.0], "f": [0, 1, 2, 0, 2, 3, 4, 0, 3, 4, 3, 5, 5, 3, 6, 5, 6, 7, 8, 7, 6, 9, 8, 6, 9, 10, 8, 8, 10, 11, 6, 12, 9]}, "centroids": [[-1011.8518585283309, -67.00357082672417, 0.0]]}, "mtl": {"idx": 1}}, {"geom": {"triangles": {"v": [-564.9778927788138, -1976.3649616008624, 0.0, -592.9778927788138, -1561.8649616008624, 0.0, -406.97789277881384, -1559.8649616008624, 0.0, -200.97789277881384, -2025.3649616008624, 0.0, -556.9778927788138, -2028.8649616008624, 0.0, 75.02210722118616, -1853.3649616008624, 0.0, 76.02210722118616, -1556.8649616008624, 0.0, 74.02210722118616, -1290.3649616008624, 0.0, -348.97789277881384, -1192.8649616008624, 0.0, 73.02210722118616, -1188.3649616008624, 0.0], "f": [0, 1, 2, 3, 0, 2, 4, 0, 3, 5, 3, 2, 5, 2, 6, 2, 7, 6, 2, 8, 7, 8, 9, 7]}, "centroids": [[-226.52708470262587, -1628.0160726141185, 0.0]]}, "mtl": {"idx": 2}}, {"geom": {"triangles": {"v": [-414.97789277881384, 652.1350383991376, 0.0, -399.97789277881384, 1096.1350383991376, 0.0, -132.97789277881384, 714.6350383991376, 0.0, -117.97789277881384, 1037.6350383991376, 0.0, 136.02210722118616, 824.1350383991376, 0.0, 137.02210722118616, 774.6350383991376, 0.0, 132.02210722118616, 1034.1350383991376, 0.0, -125.97789277881384, 1697.1350383991376, 0.0, -395.97789277881384, 1696.1350383991376, 0.0], "f": [0, 1, 2, 2, 1, 3, 4, 2, 3, 2, 4, 5, 4, 3, 6, 3, 1, 7, 1, 8, 7]}, "centroids": [[-208.2871708907187, 1123.0539388200268, 0.0]]}, "mtl": {"idx": 3}}, {"geom": {"triangles": {"v": [132.02210722118616, 1034.1350383991376, 0.0, -117.97789277881384, 1037.6350383991376, 0.0, -125.97789277881384, 1697.1350383991376, 0.0, 143.02210722118616, 1703.1350383991376, 0.0, 523.0221072211862, 1016.1350383991376, 0.0, 136.02210722118616, 824.1350383991376, 0.0, 251.02210722118616, 703.6350383991376, 0.0, 704.0221072211862, 719.6350383991376, 0.0], "f": [0, 1, 2, 3, 0, 2, 0, 3, 4, 5, 0, 4, 6, 5, 4, 6, 4, 7]}, "centroids": [[204.0138339139521, 1172.6924460232258, 0.0]]}, "mtl": {"idx": 3}}, {"geom": {"triangles": {"v": [525.0221072211862, -727.3649616008624, 0.0, 455.02210722118616, -188.86496160086244, 0.0, 686.0221072211862, -68.86496160086244, 0.0, 1316.0221072211862, -621.8649616008624, 0.0, 914.0221072211862, -926.3649616008624, 0.0, 564.0221072211862, -1010.3649616008624, 0.0, 851.0221072211862, -1448.3649616008624, 0.0, 662.0221072211862, -1449.3649616008624, 0.0, 1213.0221072211862, -962.8649616008624, 0.0, 1358.0221072211862, -355.36496160086244, 0.0, 1067.0221072211862, 59.63503839913756, 0.0, 970.0221072211862, 289.63503839913756, 0.0], "f": [0, 1, 2, 0, 2, 3, 4, 0, 3, 5, 0, 4, 6, 5, 4, 7, 5, 6, 8, 4, 3, 3, 2, 9, 9, 2, 10, 2, 11, 10]}, "centroids": [[878.472812820226, -559.3313562385738, 0.0]]}, "mtl": {"idx": 3}}, {"geom": {"triangles": {"v": [931.0221072211862, 1930.6350383991376, 0.0, 664.0221072211862, 1704.6350383991376, 0.0, 660.0221072211862, 2024.1350383991376, 0.0, 928.0221072211862, 1708.6350383991376, 0.0, 1405.0221072211862, 1501.6350383991376, 0.0, 1292.0221072211862, 1372.6350383991376, 0.0, 940.0221072211862, 1137.6350383991376, 0.0, 1720.0221072211862, 2274.1350383991376, 0.0, 1910.0221072211862, 2123.6350383991376, 0.0, 981.0221072211862, 2193.6350383991376, 0.0], "f": [0, 1, 2, 3, 1, 0, 3, 0, 4, 5, 3, 4, 6, 3, 5, 4, 0, 7, 4, 7, 8, 7, 0, 9]}, "centroids": [[1249.206556307152, 1828.4933990081772, 0.0]]}, "mtl": {"idx": 1}}, {"geom": {"triangles": {"v": [523.0221072211862, 1016.1350383991376, 0.0, 143.02210722118616, 1703.1350383991376, 0.0, 664.0221072211862, 1704.6350383991376, 0.0, 940.0221072211862, 1137.6350383991376, 0.0, 928.0221072211862, 1708.6350383991376, 0.0], "f": [0, 1, 2, 3, 0, 2, 3, 2, 4]}, "centroids": [[612.9275501016527, 1417.5040994249284, 0.0]]}, "mtl": {"idx": 2}}, {"geom": {"triangles": {"v": [-355.97789277881384, -212.86496160086244, 0.0, -421.97789277881384, 100.63503839913756, 0.0, -20.97789277881384, 185.13503839913756, 0.0, -318.97789277881384, -310.36496160086244, 0.0, 455.02210722118616, -188.86496160086244, 0.0, 314.02210722118616, 399.63503839913756, 0.0, 142.02210722118616, 498.63503839913756, 0.0, -132.97789277881384, 714.6350383991376, 0.0, 137.02210722118616, 774.6350383991376, 0.0], "f": [0, 1, 2, 3, 0, 2, 3, 2, 4, 2, 5, 4, 2, 6, 5, 2, 7, 6, 7, 8, 6]}, "centroids": [[36.702831353992224, 120.62224385794252, 0.0]]}, "mtl": {"idx": 3}}, {"geom": {"triangles": {"v": [204.02210722118616, -884.3649616008624, 0.0, 67.02210722118616, -702.3649616008624, 0.0, 525.0221072211862, -727.3649616008624, 0.0, 564.0221072211862, -1010.3649616008624, 0.0, 210.02210722118616, -1294.3649616008624, 0.0, 662.0221072211862, -1449.3649616008624, 0.0, 76.02210722118616, -1556.8649616008624, 0.0, 74.02210722118616, -1290.3649616008624, 0.0, 701.0221072211862, -1542.3649616008624, 0.0], "f": [0, 1, 2, 0, 2, 3, 3, 4, 0, 4, 3, 5, 6, 4, 5, 6, 7, 4, 6, 5, 8]}, "centroids": [[370.99487763270736, -1174.7033101581037, 0.0]]}, "mtl": {"idx": 3}}, {"geom": {"triangles": {"v": [-3160.977892778814, 1168.1350383991376, 0.0, -3648.977892778814, 1461.6350383991376, 0.0, -3656.977892778814, 2164.6350383991376, 0.0, -2724.977892778814, 2607.1350383991376, 0.0, -2485.977892778814, 2674.1350383991376, 0.0, -2124.977892778814, 584.6350383991376, 0.0, -824.9778927788138, 1090.1350383991376, 0.0, -1737.9778927788138, 327.13503839913756, 0.0, -1879.9778927788138, 294.63503839913756, 0.0, -801.9778927788138, 569.1350383991376, 0.0, -1376.9778927788138, 22.635038399137557, 0.0, -714.9778927788138, 171.63503839913756, 0.0, -2099.977892778814, 2890.6350383991376, 0.0, -366.97789277881384, 2089.6350383991376, 0.0, -1526.9778927788138, 3323.1350383991376, 0.0, -321.97789277881384, 2686.6350383991376, 0.0, -348.97789277881384, 3343.6350383991376, 0.0, -2099.977892778814, 3307.1350383991376, 0.0, -395.97789277881384, 1696.1350383991376, 0.0, -399.97789277881384, 1096.1350383991376, 0.0, -2215.977892778814, 2955.6350383991376, 0.0, -3651.977892778814, 2407.1350383991376, 0.0, -3336.977892778814, 2799.6350383991376, 0.0, -3132.977892778814, 2893.1350383991376, 0.0], "f": [0, 1, 2, 3, 0, 2, 0, 3, 4, 5, 0, 4, 6, 5, 4, 7, 5, 6, 8, 5, 7, 9, 7, 6, 10, 7, 9, 11, 10, 9, 6, 4, 12, 12, 13, 6, 13, 12, 14, 15, 13, 14, 15, 14, 16, 12, 17, 14, 13, 18, 6, 19, 6, 18, 12, 4, 20, 2, 21, 3, 22, 3, 21, 23, 3, 22]}, "centroids": [[-1797.5490961782634, 1852.7365361349657, 0.0]]},